{"name":"Tar Pit","start":[-5.629165124598851,-2.249999999999999],"end":[0,1.5],"terminations":[[-4.7631397208144115,-2.7499999999999996],[-5.629165124598851,-3.249999999999999],[-3.8971143170299736,1.75],[-1.7320508075688776,4.5],[-2.165063509461097,-5.25],[-1.2990381056766576,-1.75],[1.2990381056766578,-4.75],[3.897114317029974,-4.25],[0.4330127018922193,-1.25],[2.165063509461096,-2.25],[4.763139720814413,2.25],[2.598076211353315,5.000000000000002],[3.4641016151377544,3.5],[4.763139720814413,-0.75],[3.0310889132455348,-2.7499999999999996],[0.8660254037844384,3],[-5.629165124598851,-0.24999999999999906]],"segments":[[-4.330127018922193,-3.4999999999999996,-4.330127018922193,-1.5],[-5.196152422706631,-1.9999999999999996,-4.330127018922193,-2.4999999999999996],[-5.196152422706631,-2.9999999999999996,-5.196152422706631,-1.9999999999999996],[-6.06217782649107,-2.499999999999999,-5.196152422706632,-2.999999999999999],[-6.06217782649107,-3.499999999999999,-6.06217782649107,3.5],[-6.06217782649107,-3.499999999999999,0,-7],[-5.196152422706631,-4,-4.330127018922193,-4.5],[-3.4641016151377544,1,-3.4641016151377544,2],[-4.330127018922193,2.5,-3.4641016151377544,2],[-4.330127018922193,1.5,-4.330127018922193,2.5],[-4.330127018922193,0.5000000000000001,-4.330127018922193,2.5],[-4.330127018922193,0.5000000000000001,-3.4641016151377544,0],[-2.598076211353316,-0.5,-2.598076211353316,0.5],[-3.4641016151377544,1,-1.7320508075688776,0],[-2.598076211353316,-1.5,-2.598076211353316,-0.5],[-3.4641016151377544,-0.9999999999999999,-2.598076211353316,-1.5],[-4.330127018922193,-0.4999999999999999,-3.4641016151377544,-1],[-1.7320508075688776,4,0.8660254037844393,5.5],[-2.598076211353316,4.5,-1.7320508075688776,5],[-2.598076211353316,4.5,-1.7320508075688776,4],[-2.598076211353316,-4.5,-1.7320508075688776,-5],[-2.598076211353316,-5.5,-2.598076211353316,-4.5],[-2.598076211353316,-5.5,-1.7320508075688776,-6],[-0.8660254037844384,-2.5,-0.8660254037844384,-1.5],[-1.732050807568877,-0.9999999999999999,-0.8660254037844384,-1.5],[-1.732050807568877,-2,-1.732050807568877,-0.9999999999999999],[-0.8660254037844384,-3.5,-0.8660254037844384,-1.5],[-1.732050807568877,-3,-1.732050807568877,-2],[-1.732050807568877,-4,-1.732050807568877,-3],[-1.732050807568877,-4,0,-5],[-0.8660254037844386,-3.5,0,-4],[-0.8660254037844386,-4.5,0,-5],[0.8660254037844386,-4.5,0.8660254037844386,-3.5],[0,-4,0.8660254037844386,-3.5],[0.8660254037844384,-5.5,1.732050807568877,-5],[1.732050807568877,-5,1.732050807568877,-4],[0.8660254037844384,-4.5,1.732050807568877,-4],[0,-6,1.732050807568877,-5],[-0.8660254037844386,-5.5,0,-6],[-1.732050807568877,-5,-1.732050807568877,-0.9999999999999999],[-1.732050807568877,-6,-0.8660254037844384,-6.5],[-0.8660254037844386,-6.5,0,-7],[0,-7,6.0621778264910695,-3.499999999999999],[0.8660254037844384,-6.5,1.732050807568877,-6],[3.4641016151377544,-5,4.330127018922193,-4.5],[3.4641016151377544,-4,5.196152422706632,-3],[3.4641016151377544,-5,3.4641016151377544,-4],[4.330127018922194,-4.5,5.196152422706632,-4],[4.330127018922194,-3.5,5.196152422706632,-3],[5.196152422706631,-3.999999999999999,6.0621778264910695,-3.499999999999999],[6.0621778264910695,-3.499999999999999,6.0621778264910695,3.5],[0,2,1.732050807568877,1],[-0.8660254037844386,1.5,0,2],[-0.8660254037844386,1.5,0.8660254037844384,0.5],[0.8660254037844384,1.5000000000000002,1.732050807568877,1],[-2.220446049250313e-16,1,0.8660254037844384,0.5],[0,-2,1.732050807568877,-0.9999999999999999],[0.8660254037844386,-1.5,0.8660254037844386,-0.5],[0,-2,0,-1],[0,0,0.8660254037844386,0.5000000000000001],[0,-1,0,0],[1.732050807568877,1.1102230246251565e-16,1.732050807568877,1],[0.8660254037844384,-1.5,1.732050807568877,-0.9999999999999999],[1.7320508075688767,-3,2.598076211353315,-2.5],[2.598076211353315,-2.5,2.598076211353315,-1.5],[1.7320508075688767,-3,1.7320508075688767,-1],[2.598076211353315,-1.5,2.598076211353315,-0.5],[1.7320508075688767,-2,1.7320508075688767,-1],[2.598076211353315,-0.4999999999999999,2.598076211353315,0.5000000000000001],[2.598076211353315,0.5000000000000001,2.598076211353315,1.5],[0.866025403784439,1.5,4.330127018922193,3.5],[2.598076211353315,1.5,3.4641016151377535,2],[1.7320508075688765,2,2.598076211353315,2.5],[4.330127018922194,1.5,5.196152422706632,2],[4.330127018922194,2.5,5.196152422706632,3],[4.330127018922194,1.5,4.330127018922194,2.5],[5.196152422706631,2,6.0621778264910695,2.5],[6.0621778264910695,2.5,6.0621778264910695,3.5],[2.598076211353315,5.500000000000002,3.4641016151377535,5.000000000000002],[1.7320508075688765,5.000000000000002,2.598076211353315,5.500000000000002],[1.7320508075688765,5.000000000000002,2.598076211353315,4.500000000000002],[3.4641016151377544,5,4.330127018922193,4.5],[2.598076211353316,4.5,3.4641016151377544,4],[3.4641016151377544,3,4.330127018922193,3.5],[2.598076211353316,3.5,3.4641016151377544,4],[2.598076211353316,3.5,3.4641016151377544,3],[4.330127018922192,4.5,5.19615242270663,4],[5.196152422706631,4,6.0621778264910695,3.5],[2.598076211353316,2.5,3.4641016151377544,3],[3.4641016151377544,1,6.0621778264910695,2.5],[2.598076211353315,-0.5,5.196152422706632,1],[3.4641016151377544,0,4.330127018922193,0.5000000000000001],[4.330127018922194,0.5,5.196152422706632,1],[6.0621778264910695,1.5,6.0621778264910695,2.5],[4.330127018922194,-1.5,6.0621778264910695,-0.499999999999999],[4.330127018922194,-0.5,5.196152422706632,1.1102230246251565e-16],[4.330127018922194,-1.5,4.330127018922194,-0.5],[5.196152422706631,-0.9999999999999991,6.0621778264910695,-0.499999999999999],[6.0621778264910695,-0.499999999999999,6.0621778264910695,0.500000000000001],[6.0621778264910695,0.500000000000001,6.0621778264910695,1.5000000000000009],[3.4641016151377544,-1,4.330127018922193,-0.4999999999999999],[2.598076211353315,-3.4999999999999996,5.196152422706632,-2],[3.4641016151377535,-2.9999999999999996,3.4641016151377535,-1.9999999999999996],[2.598076211353315,-3.4999999999999996,2.598076211353315,-2.4999999999999996],[3.4641016151377544,-3,4.330127018922193,-2.5],[4.330127018922194,-2.5,5.196152422706632,-2],[6.0621778264910695,-1.4999999999999991,6.0621778264910695,-0.4999999999999991],[6.0621778264910695,-2.499999999999999,6.0621778264910695,-1.4999999999999991],[2.598076211353315,-4.5,2.598076211353315,1.5],[2.598076211353315,-5.5,3.4641016151377535,-5],[1.7320508075688767,-6,2.598076211353315,-5.5],[0.8660254037844384,-3.5,0.8660254037844384,-2.5],[0,-3,0,0],[-0.8660254037844386,-1.5,-0.8660254037844386,0.5000000000000001],[-0.8660254037844386,-0.4999999999999999,-0.8660254037844386,0.5000000000000001],[-1.732050807568877,1,-0.8660254037844384,0.5],[-2.598076211353316,1.5,-1.7320508075688776,2],[-2.598076211353316,1.5,-0.8660254037844384,0.5],[-1.732050807568877,2,-0.8660254037844384,2.5],[0.8660254037844384,2.5,1.732050807568877,3],[0.8660254037844384,3.5,1.732050807568877,3],[-2.220446049250313e-16,3,0.8660254037844384,3.5],[-0.8660254037844377,2.5,8.881784197001252e-16,3],[0.866025403784439,3.5,1.7320508075688776,4],[0.866025403784439,4.5,1.7320508075688776,4],[6.661338147750939e-16,5,0.8660254037844393,5.5],[6.661338147750939e-16,5,0.8660254037844393,4.5],[1.7320508075688767,6.000000000000002,2.598076211353315,5.500000000000002],[0.8660254037844384,6.500000000000002,1.732050807568877,6.000000000000002],[-2.220446049250313e-16,6.000000000000002,0.8660254037844384,5.500000000000002],[-8.881784197001252e-16,7.000000000000002,1.732050807568877,6.000000000000002],[-0.8660254037844395,6.500000000000002,-8.881784197001252e-16,7.000000000000002],[-1.732050807568877,6.000000000000002,-0.8660254037844384,6.500000000000002],[-1.732050807568877,6.000000000000002,-0.8660254037844384,5.500000000000002],[-0.8660254037844384,4.5,2.220446049250313e-16,5],[-2.598076211353316,5.500000000000002,-1.7320508075688776,6.000000000000002],[-3.4641016151377553,5.000000000000002,-2.598076211353317,5.500000000000002],[-4.330127018922193,4.5,-3.4641016151377544,5],[-4.330127018922193,4.5,-1.7320508075688767,3],