{"start":[-2.165063509461097,-0.24999999999999994],"end":[1.2990381056766578,-1.75],"terminations":[[0.4330127018922193,-0.24999999999999994],[-2.165063509461097,-1.2499999999999996]],"segments":[[0,-1,0.8660254037844386,-0.4999999999999999],[0,0,2.598076211353315,1.5],[0,-2,0,0],[0,-3,2.598076211353315,-1.4999999999999996],[0.8660254037844384,-1.5,1.732050807568877,-1],[0.8660254037844384,-2.5,0.8660254037844384,-1.5],[2.598076211353315,-1.4999999999999996,2.598076211353315,1.5],[1.7320508075688767,-1,1.7320508075688767,0],[-2.598076211353316,-0.49999999999999967,-0.8660254037844388,-1.5],[-2.598076211353316,-1.4999999999999996,-2.598076211353316,1.5],[-2.598076211353316,-1.4999999999999996,0,-3],[-0.8660254037844386,-1.5,-0.8660254037844386,0.5000000000000001],[0,1.0000000000000002,0.8660254037844386,0.5000000000000001],[-1.7320508075688772,1,0,2],[-1.7320508075688772,1,-0.8660254037844386,0.5],[0,2,0.8660254037844386,1.5],[-4.440892098500626e-16,3,2.598076211353315,1.5],[-2.598076211353316,1.5,-4.440892098500626e-16,3],[-2.598076211353316,0.5000000000000001,-1.7320508075688774,0]]}